chapo,Ndazi,Tm,cake,Hcake,Eggs,Omelet,Sausage/Smokie,ChapoMix,Walimix,Ugalimix,PilauMix,BeefChapo,BeefUgali,BeefRice,BeefPilau,KukuChapo,KukuUgali,KukuRice,KukuPilau,UgaliMatumbo,RiceMatumbo,ChapoMatumbo,PilauMatumbo,UgaliManagu,RiceManagu,ChapoManagu,PilauManagu,UgaliFryMan,RiceFryMan,ChapoFryMan,PilauFryMan,UgaliMatMan,RiceMatMan,ChapoMatMan,PilauMatMan,UgaliMboga,RiceMboga,ChapoMboga,UgaliPlain,MchelePlain,PilauPlain,Service Nyama,Tea,BlackCoffee,WhiteCofee,LemonTea,Concusion,Predator,Soda,PlasticSoda,Dasani_.5ltr,Dasani_1ltr,Water_.5ltr,Water_1ltr,MinuteMaid,Amount,Date
55.0,18.0,0.0,0.0,6.0,13.0,0.0,0.0,3.0,2.0,4.0,2.0,1.0,5.0,2.0,1.0,0.0,0.0,0.0,0.0,0.0,0.0,0.0,0.0,2.0,0.0,0.0,0.0,0.0,0.0,0.0,0.0,0.0,0.0,0.0,0.0,1.0,0.0,0.0,3.0,0.0,0.0,2.0,96.0,3.0,1.0,4.0,0.0,2.0,11.0,0.0,1.0,0.0,1.0,0.0,0.0,11120.0,2023-09-01
30.0,19.0,6.0,0.0,6.0,9.0,0.0,0.0,2.0,4.0,7.0,3.0,3.0,0.0,1.0,0.0,1.0,4.0,0.0,0.0,7.0,0.0,0.0,0.0,13.0,0.0,0.0,0.0,2.0,0.0,0.0,0.0,0.0,0.0,0.0,0.0,4.0,0.0,0.0,0.0,0.0,0.0,0.0,126.0,2.0,0.0,1.0,0.0,0.0,5.0,0.0,4.0,0.0,1.0,2.0,0.0,15520.0,2023-09-02
38.0,39.0,8.0,0.0,3.0,5.0,0.0,0.0,5.0,3.0,4.0,2.0,3.0,1.0,0.0,2.0,0.0,0.0,0.0,0.0,12.0,0.0,0.0,0.0,5.0,0.0,0.0,0.0,4.0,0.0,0.0,0.0,0.0,0.0,0.0,0.0,2.0,0.0,0.0,0.0,0.0,0.0,0.0,72.0,3.0,0.0,1.0,0.0,1.0,9.0,0.0,1.0,1.0,0.0,1.0,0.0,13070.0,2023-09-03
38.0,20.0,2.0,0.0,2.0,2.0,0.0,0.0,4.0,3.0,13.0,4.0,1.0,4.0,0.0,0.0,0.0,0.0,0.0,0.0,0.0,0.0,0.0,0.0,11.0,0.0,0.0,0.0,1.0,0.0,0.0,0.0,0.0,0.0,0.0,0.0,2.0,0.0,0.0,0.0,0.0,0.0,0.0,126.0,3.0,1.0,2.0,0.0,0.0,2.0,0.0,0.0,0.0,0.0,2.0,0.0,12760.0,2023-09-04
58.0,30.0,5.0,0.0,3.0,4.0,0.0,0.0,10.0,16.0,2.0,3.0,1.0,4.0,0.0,0.0,0.0,4.0,0.0,0.0,0.0,0.0,0.0,0.0,8.0,0.0,0.0,0.0,0.0,0.0,0.0,0.0,0.0,0.0,0.0,0.0,1.0,0.0,0.0,3.0,0.0,0.0,4.0,114.0,1.0,4.0,2.0,0.0,0.0,10.0,0.0,0.0,0.0,2.0,3.0,0.0,15720.0,2023-09-05
47.0,17.0,2.0,0.0,0.0,9.0,0.0,0.0,8.0,8.0,3.0,3.0,1.0,4.0,0.0,0.0,0.0,3.0,2.0,0.0,0.0,0.0,0.0,0.0,8.0,0.0,0.0,0.0,1.0,0.0,0.0,0.0,0.0,0.0,0.0,0.0,8.0,0.0,0.0,0.0,0.0,0.0,0.0,72.0,7.0,0.0,1.0,0.0,0.0,6.0,0.0,1.0,0.0,3.0,2.0,0.0,13180.0,2023-09-12
41.0,26.0,7.0,0.0,0.0,8.0,0.0,0.0,2.0,6.0,6.0,2.0,0.0,3.0,1.0,1.0,0.0,0.0,0.0,0.0,4.0,1.0,0.0,0.0,9.0,0.0,0.0,0.0,0.0,0.0,0.0,0.0,0.0,0.0,0.0,0.0,2.0,0.0,0.0,0.0,3.0,0.0,6.0,81.0,3.0,1.0,2.0,0.0,1.0,4.0,0.0,3.0,1.0,4.0,2.0,1.0,12650.0,2023-09-13
55.0,30.0,0.0,0.0,0.0,8.0,0.0,0.0,3.0,5.0,7.0,2.0,0.0,7.0,1.0,2.0,0.0,0.0,0.0,0.0,4.0,0.0,1.0,1.0,8.0,0.0,1.0,0.0,0.0,0.0,0.0,0.0,0.0,0.0,0.0,0.0,1.0,0.0,0.0,0.0,0.0,0.0,0.0,102.0,11.0,5.0,2.0,0.0,1.0,9.0,0.0,0.0,0.0,3.0,1.0,0.0,14510.0,2023-09-14
27.0,29.0,7.0,0.0,0.0,15.0,0.0,0.0,2.0,5.0,4.0,3.0,0.0,0.0,0.0,0.0,0.0,0.0,0.0,0.0,0.0,0.0,0.0,0.0,8.0,0.0,0.0,0.0,4.0,0.0,0.0,0.0,0.0,0.0,0.0,0.0,0.0,0.0,0.0,0.0,0.0,0.0,0.0,78.0,3.0,0.0,2.0,0.0,2.0,2.0,0.0,0.0,0.0,0.0,0.0,0.0,9420.0,2023-09-15
42.0,41.0,7.0,0.0,0.0,10.0,0.0,0.0,2.0,4.0,3.0,4.0,1.0,5.0,0.0,0.0,0.0,3.0,0.0,0.0,4.0,0.0,0.0,0.0,11.0,0.0,0.0,0.0,3.0,1.0,1.0,0.0,0.0,0.0,0.0,0.0,0.0,0.0,0.0,0.0,0.0,0.0,0.0,90.0,4.0,2.0,2.0,0.0,0.0,5.0,0.0,2.0,0.0,0.0,0.0,0.0,14290.0,2023-09-16
41.0,55.0,7.0,0.0,0.0,12.0,0.0,0.0,3.0,5.0,8.0,1.0,0.0,0.0,3.0,1.0,0.0,6.0,0.0,0.0,4.0,0.0,0.0,0.0,9.0,0.0,0.0,0.0,0.0,0.0,0.0,0.0,0.0,0.0,0.0,0.0,3.0,0.0,0.0,2.0,0.0,0.0,2.0,78.0,11.0,2.0,0.0,0.0,0.0,1.0,0.0,2.0,0.0,2.0,1.0,2.0,14360.0,2023-09-17
31.0,31.0,8.0,0.0,0.0,14.0,0.0,0.0,5.0,7.0,4.0,3.0,1.0,2.0,2.0,1.0,0.0,0.0,0.0,1.0,4.0,0.0,0.0,0.0,7.0,0.0,0.0,0.0,1.0,0.0,0.0,0.0,0.0,0.0,0.0,0.0,1.0,0.0,0.0,0.0,0.0,0.0,0.0,78.0,2.0,4.0,1.0,0.0,1.0,0.0,2.0,2.0,0.0,2.0,2.0,0.0,12110.0,2023-09-18
52.0,46.0,2.0,0.0,0.0,14.0,0.0,0.0,5.0,3.0,3.0,5.0,2.0,3.0,2.0,0.0,1.0,3.0,2.0,0.0,0.0,0.0,0.0,0.0,3.0,0.0,0.0,0.0,1.0,0.0,0.0,0.0,0.0,0.0,0.0,0.0,2.0,0.0,0.0,0.0,0.0,0.0,0.0,109.0,1.0,4.0,0.0,0.0,0.0,0.0,0.0,0.0,0.0,0.0,1.0,0.0,13500.0,2023-09-19
41.0,46.0,2.0,0.0,0.0,6.0,0.0,0.0,7.0,1.0,6.0,3.0,1.0,2.0,2.0,0.0,0.0,3.0,3.0,0.0,2.0,0.0,0.0,0.0,0.0,0.0,0.0,0.0,2.0,0.0,0.0,0.0,0.0,2.0,0.0,0.0,2.0,0.0,0.0,0.0,0.0,0.0,0.0,132.0,8.0,7.0,0.0,0.0,1.0,1.0,0.0,1.0,0.0,3.0,0.0,0.0,14320.0,2023-09-20
79.0,74.0,3.0,0.0,0.0,10.0,0.0,0.0,3.0,9.0,9.0,4.0,1.0,4.0,2.0,0.0,0.0,4.0,0.0,1.0,5.0,0.0,1.0,0.0,0.0,0.0,0.0,0.0,0.0,0.0,0.0,0.0,0.0,0.0,0.0,0.0,1.0,0.0,0.0,0.0,0.0,0.0,0.0,84.0,2.0,1.0,0.0,0.0,0.0,0.0,0.0,2.0,0.0,6.0,0.0,2.0,15720.0,2023-09-21
65.0,51.0,8.0,0.0,5.0,13.0,0.0,0.0,4.0,4.0,3.0,3.0,0.0,5.0,0.0,0.0,0.0,3.0,3.0,0.0,2.0,0.0,0.0,0.0,6.0,0.0,0.0,0.0,0.0,0.0,0.0,0.0,3.0,0.0,0.0,0.0,0.0,0.0,0.0,0.0,0.0,0.0,0.0,109.0,1.0,7.0,1.0,0.0,0.0,7.0,0.0,2.0,1.0,0.0,0.0,0.0,15280.0,2023-09-22
29.0,25.0,7.0,0.0,0.0,12.0,2.0,0.0,1.0,3.0,4.0,3.0,0.0,3.0,1.0,0.0,0.0,3.0,1.0,2.0,0.0,0.0,0.0,0.0,7.0,0.0,0.0,1.0,5.0,0.0,0.0,0.0,0.0,0.0,0.0,0.0,0.0,0.0,0.0,1.0,0.0,0.0,0.0,90.0,5.0,7.0,0.0,0.0,0.0,11.0,0.0,0.0,0.0,0.0,1.0,0.0,13560.0,2023-09-23
30.0,45.0,8.0,0.0,0.0,16.0,0.0,0.0,2.0,3.0,2.0,1.0,1.0,2.0,1.0,2.0,1.0,3.0,0.0,2.0,4.0,2.0,0.0,0.0,7.0,0.0,0.0,0.0,0.0,0.0,0.0,0.0,2.0,1.0,0.0,0.0,1.0,0.0,0.0,0.0,0.0,0.0,0.0,114.0,9.0,0.0,0.0,0.0,0.0,2.0,0.0,2.0,0.0,0.0,0.0,1.0,14190.0,2023-09-24
40.0,44.0,8.0,0.0,4.0,9.0,0.0,0.0,2.0,2.0,3.0,2.0,3.0,3.0,1.0,0.0,0.0,9.0,2.0,1.0,4.0,0.0,2.0,0.0,0.0,0.0,0.0,0.0,0.0,0.0,0.0,0.0,2.0,0.0,0.0,0.0,3.0,0.0,0.0,8.0,0.0,0.0,0.0,132.0,2.0,0.0,0.0,0.0,0.0,4.0,0.0,0.0,0.0,0.0,2.0,1.0,16340.0,2023-09-25
41.0,33.0,3.0,0.0,8.0,3.0,0.0,0.0,0.0,2.0,3.0,1.0,0.0,5.0,2.0,0.0,0.0,3.0,0.0,3.0,4.0,2.0,0.0,0.0,4.0,0.0,0.0,0.0,2.0,0.0,0.0,0.0,1.0,0.0,0.0,0.0,4.0,0.0,0.0,0.0,0.0,0.0,0.0,114.0,0.0,6.0,0.0,0.0,0.0,10.0,0.0,0.0,0.0,0.0,4.0,0.0,14460.0,2023-09-26
31.0,71.0,3.0,2.0,0.0,0.0,0.0,0.0,3.0,5.0,8.0,3.0,1.0,3.0,1.0,0.0,0.0,4.0,1.0,1.0,3.0,0.0,0.0,0.0,8.0,0.0,0.0,0.0,0.0,0.0,0.0,0.0,3.0,0.0,0.0,0.0,2.0,0.0,0.0,4.0,0.0,0.0,0.0,126.0,1.0,3.0,1.0,0.0,0.0,6.0,0.0,0.0,0.0,3.0,0.0,1.0,15750.0,2023-09-27
45.0,47.0,8.0,0.0,7.0,10.0,2.0,0.0,4.0,2.0,2.0,1.0,0.0,8.0,1.0,1.0,0.0,8.0,0.0,1.0,5.0,1.0,0.0,0.0,10.0,0.0,0.0,0.0,1.0,0.0,0.0,0.0,2.0,0.0,0.0,0.0,1.0,0.0,0.0,4.0,0.0,0.0,0.0,126.0,1.0,1.0,0.0,0.0,0.0,14.0,0.0,4.0,0.0,0.0,0.0,1.0,18500.0,2023-09-28
49.0,40.0,7.0,0.0,10.0,0.0,0.0,0.0,3.0,4.0,3.0,1.0,1.0,3.0,0.0,1.0,1.0,5.0,1.0,1.0,4.0,0.0,1.0,0.0,9.0,0.0,0.0,0.0,4.0,0.0,0.0,0.0,1.0,1.0,0.0,0.0,2.0,0.0,0.0,0.0,0.0,0.0,0.0,102.0,1.0,2.0,0.0,0.0,1.0,15.0,0.0,2.0,1.0,0.0,2.0,1.0,16660.0,2023-09-29
55.0,32.0,5.0,0.0,0.0,0.0,0.0,0.0,6.0,4.0,6.0,3.0,2.0,6.0,0.0,0.0,3.0,7.0,1.0,0.0,0.0,0.0,0.0,0.0,9.0,0.0,0.0,0.0,4.0,0.0,0.0,0.0,0.0,0.0,0.0,0.0,6.0,0.0,0.0,7.0,0.0,0.0,0.0,78.0,3.0,2.0,1.0,0.0,1.0,5.0,0.0,2.0,0.0,0.0,1.0,0.0,17010.0,2023-09-30
32.0,51.0,4.0,0.0,0.0,20.0,0.0,0.0,3.0,3.0,3.0,3.0,0.0,5.0,0.0,1.0,1.0,4.0,0.0,0.0,1.0,1.0,0.0,0.0,8.0,0.0,0.0,0.0,6.0,0.0,0.0,0.0,6.0,0.0,0.0,0.0,0.0,0.0,0.0,4.0,0.0,0.0,0.0,114.0,9.0,3.0,0.0,0.0,1.0,3.0,0.0,0.0,0.0,0.0,0.0,0.0,16690.0,2023-10-01
50.0,35.0,6.0,0.0,12.0,13.0,2.0,0.0,0.0,7.0,4.0,0.0,1.0,6.0,0.0,3.0,0.0,5.0,0.0,1.0,0.0,0.0,0.0,0.0,4.0,0.0,0.0,0.0,0.0,0.0,0.0,0.0,5.0,0.0,0.0,0.0,4.0,0.0,0.0,2.0,0.0,0.0,2.0,114.0,3.0,3.0,0.0,0.0,2.0,21.0,0.0,1.0,2.0,2.0,2.0,0.0,17190.0,2023-10-02
55.0,42.0,6.0,0.0,2.0,7.0,2.0,0.0,6.0,8.0,6.0,2.0,0.0,2.0,0.0,1.0,2.0,11.0,0.0,0.0,0.0,0.0,0.0,0.0,11.0,0.0,0.0,0.0,1.0,0.0,0.0,0.0,0.0,0.0,0.0,0.0,4.0,0.0,0.0,0.0,0.0,0.0,0.0,144.0,1.0,2.0,0.0,0.0,0.0,10.0,0.0,0.0,1.0,2.0,1.0,4.0,19130.0,2023-10-03
90.0,20.0,0.0,0.0,9.0,9.0,0.0,0.0,1.0,2.0,4.0,1.0,0.0,2.0,2.0,0.0,1.0,5.0,0.0,1.0,0.0,0.0,0.0,0.0,6.0,0.0,0.0,0.0,3.0,0.0,0.0,0.0,0.0,0.0,0.0,0.0,2.0,0.0,0.0,0.0,0.0,0.0,0.0,78.0,3.0,2.0,0.0,0.0,0.0,0.0,0.0,0.0,0.0,1.0,5.0,0.0,13170.0,2023-10-06
35.0,18.0,3.0,0.0,5.0,18.0,2.0,0.0,7.0,3.0,1.0,2.0,0.0,1.0,0.0,0.0,1.0,1.0,3.0,0.0,0.0,0.0,0.0,0.0,5.0,0.0,0.0,0.0,3.0,0.0,0.0,0.0,0.0,0.0,0.0,0.0,2.0,0.0,0.0,0.0,0.0,0.0,0.0,96.0,2.0,0.0,0.0,0.0,0.0,7.0,0.0,0.0,0.0,3.0,5.0,1.0,11650.0,2023-10-07
52.0,60.0,0.0,0.0,5.0,6.0,0.0,0.0,4.0,6.0,6.0,0.0,0.0,6.0,3.0,1.0,0.0,10.0,2.0,1.0,0.0,0.0,0.0,0.0,0.0,0.0,0.0,0.0,0.0,0.0,0.0,0.0,0.0,0.0,0.0,0.0,6.0,0.0,0.0,0.0,0.0,0.0,0.0,120.0,8.0,2.0,0.0,0.0,0.0,3.0,0.0,0.0,3.0,1.0,2.0,1.0,17540.0,2023-10-08
46.0,22.0,3.0,0.0,2.0,14.0,2.0,0.0,2.0,3.0,8.0,0.0,5.0,3.0,0.0,0.0,3.0,0.0,1.0,0.0,0.0,0.0,0.0,0.0,13.0,0.0,0.0,0.0,3.0,0.0,0.0,0.0,0.0,0.0,0.0,0.0,3.0,0.0,0.0,0.0,0.0,0.0,0.0,84.0,3.0,2.0,0.0,0.0,1.0,19.0,0.0,1.0,1.0,0.0,0.0,0.0,14350.0,2023-10-10
58.0,39.0,1.0,0.0,2.0,12.0,0.0,0.0,6.0,5.0,7.0,3.0,2.0,2.0,1.0,0.0,0.0,3.0,0.0,0.0,0.0,0.0,0.0,0.0,7.0,0.0,0.0,0.0,0.0,0.0,0.0,0.0,0.0,0.0,0.0,0.0,3.0,0.0,0.0,0.0,0.0,0.0,0.0,72.0,2.0,0.0,0.0,0.0,0.0,14.0,0.0,1.0,0.0,1.0,3.0,1.0,12740.0,2023-10-11
42.0,23.0,7.0,0.0,3.0,7.0,0.0,0.0,3.0,1.0,5.0,1.0,0.0,2.0,2.0,0.0,0.0,5.0,0.0,0.0,0.0,0.0,0.0,0.0,5.0,0.0,0.0,0.0,0.0,0.0,0.0,0.0,0.0,0.0,0.0,0.0,5.0,0.0,0.0,0.0,0.0,0.0,0.0,108.0,1.0,3.0,0.0,0.0,0.0,2.0,0.0,1.0,0.0,0.0,1.0,0.0,11190.0,2023-10-12
40.0,43.0,0.0,0.0,4.0,5.0,0.0,0.0,2.0,5.0,3.0,2.0,0.0,4.0,1.0,0.0,0.0,4.0,1.0,0.0,0.0,0.0,0.0,0.0,13.0,0.0,0.0,0.0,0.0,0.0,0.0,0.0,0.0,0.0,0.0,0.0,6.0,0.0,0.0,0.0,0.0,0.0,0.0,114.0,3.0,1.0,0.0,3.0,3.0,4.0,0.0,1.0,0.0,2.0,1.0,2.0,14030.0,2023-10-13
44.0,23.0,4.0,0.0,0.0,7.0,0.0,0.0,4.0,5.0,4.0,2.0,0.0,5.0,1.0,0.0,0.0,2.0,0.0,0.0,0.0,0.0,0.0,0.0,0.0,0.0,0.0,0.0,4.0,0.0,0.0,0.0,0.0,0.0,0.0,0.0,3.0,0.0,0.0,0.0,0.0,0.0,0.0,78.0,2.0,0.0,0.0,0.0,0.0,7.0,0.0,4.0,0.0,1.0,0.0,0.0,10880.0,2023-10-14
65.0,44.0,10.0,0.0,8.0,6.0,0.0,0.0,5.0,5.0,5.0,3.0,4.0,4.0,0.0,0.0,0.0,1.0,0.0,0.0,0.0,0.0,0.0,0.0,11.0,0.0,0.0,0.0,0.0,0.0,0.0,0.0,0.0,0.0,0.0,0.0,7.0,0.0,0.0,0.0,0.0,0.0,0.0,132.0,8.0,3.0,1.0,0.0,2.0,13.0,0.0,0.0,0.0,2.0,0.0,1.0,15760.0,2023-10-15
36.0,22.0,2.0,0.0,4.0,0.0,0.0,0.0,3.0,4.0,5.0,1.0,0.0,3.0,1.0,2.0,0.0,2.0,0.0,0.0,0.0,0.0,0.0,0.0,6.0,0.0,0.0,0.0,0.0,0.0,0.0,0.0,0.0,0.0,0.0,0.0,6.0,0.0,0.0,0.0,0.0,0.0,0.0,84.0,1.0,1.0,0.0,1.0,0.0,3.0,0.0,0.0,0.0,1.0,0.0,0.0,10020.0,2023-10-16
50.0,41.0,0.0,0.0,6.0,2.0,0.0,0.0,10.0,3.0,8.0,3.0,1.0,4.0,0.0,0.0,0.0,4.0,0.0,0.0,0.0,0.0,0.0,0.0,6.0,0.0,0.0,0.0,0.0,0.0,0.0,0.0,0.0,0.0,0.0,0.0,11.0,0.0,0.0,0.0,0.0,0.0,0.0,120.0,0.0,1.0,0.0,0.0,1.0,10.0,0.0,3.0,0.0,0.0,0.0,0.0,14410.0,2023-10-17
61.0,30.0,0.0,0.0,5.0,14.0,0.0,0.0,3.0,3.0,7.0,2.0,3.0,1.0,1.0,1.0,0.0,0.0,1.0,0.0,0.0,0.0,0.0,0.0,5.0,0.0,0.0,0.0,4.0,0.0,0.0,0.0,0.0,0.0,0.0,0.0,2.0,0.0,0.0,0.0,0.0,0.0,0.0,78.0,3.0,11.0,0.0,0.0,0.0,6.0,0.0,2.0,0.0,0.0,0.0,1.0,12560.0,2023-10-18
46.0,21.0,7.0,0.0,2.0,4.0,0.0,0.0,6.0,3.0,13.0,2.0,0.0,1.0,1.0,1.0,0.0,5.0,1.0,0.0,0.0,0.0,0.0,0.0,3.0,0.0,0.0,0.0,0.0,0.0,0.0,0.0,0.0,0.0,0.0,0.0,1.0,0.0,0.0,0.0,0.0,0.0,0.0,82.0,1.0,3.0,0.0,0.0,0.0,6.0,0.0,1.0,0.0,1.0,0.0,0.0,11990.0,2023-10-19
55.0,27.0,6.0,0.0,0.0,4.0,0.0,0.0,4.0,3.0,6.0,0.0,0.0,4.0,1.0,0.0,0.0,3.0,0.0,0.0,0.0,0.0,0.0,0.0,0.0,0.0,0.0,0.0,0.0,0.0,0.0,0.0,0.0,0.0,0.0,0.0,6.0,0.0,0.0,0.0,0.0,0.0,0.0,120.0,0.0,1.0,0.0,0.0,1.0,1.0,0.0,0.0,0.0,2.0,0.0,0.0,10870.0,2023-10-20
73.0,37.0,0.0,0.0,0.0,9.0,0.0,0.0,12.0,3.0,10.0,2.0,0.0,2.0,0.0,0.0,0.0,0.0,0.0,0.0,0.0,0.0,0.0,0.0,11.0,0.0,0.0,0.0,0.0,0.0,0.0,0.0,0.0,0.0,0.0,0.0,2.0,0.0,0.0,2.0,0.0,0.0,0.0,105.0,1.0,3.0,0.0,0.0,1.0,6.0,0.0,1.0,0.0,4.0,0.0,3.0,13240.0,2023-10-21
51.0,29.0,3.0,0.0,9.0,10.0,2.0,0.0,2.0,6.0,5.0,2.0,1.0,9.0,1.0,0.0,4.0,1.0,0.0,0.0,0.0,0.0,0.0,0.0,0.0,0.0,0.0,0.0,0.0,0.0,0.0,0.0,0.0,0.0,0.0,0.0,5.0,0.0,0.0,0.0,0.0,0.0,0.0,96.0,8.0,4.0,0.0,0.0,0.0,6.0,0.0,0.0,0.0,0.0,0.0,0.0,13380.0,2023-10-22
68.0,55.0,3.0,0.0,0.0,6.0,0.0,0.0,19.0,3.0,25.0,2.0,4.0,6.0,0.0,1.0,0.0,2.0,2.0,1.0,0.0,0.0,0.0,0.0,0.0,0.0,0.0,0.0,0.0,0.0,0.0,0.0,0.0,0.0,0.0,0.0,3.0,0.0,0.0,0.0,0.0,0.0,0.0,90.0,0.0,0.0,0.0,0.0,1.0,14.0,0.0,0.0,0.0,0.0,0.0,1.0,17840.0,2023-10-23
49.0,20.0,1.0,0.0,4.0,4.0,0.0,0.0,7.0,4.0,6.0,2.0,0.0,7.0,2.0,0.0,0.0,7.0,0.0,0.0,0.0,0.0,0.0,0.0,13.0,0.0,0.0,0.0,1.0,0.0,0.0,0.0,0.0,0.0,0.0,0.0,3.0,0.0,0.0,0.0,0.0,0.0,0.0,114.0,0.0,2.0,1.0,0.0,4.0,24.0,0.0,0.0,0.0,3.0,2.0,1.0,17240.0,2023-10-24
40.0,35.0,4.0,0.0,0.0,12.0,0.0,0.0,2.0,5.0,15.0,2.0,0.0,4.0,0.0,0.0,0.0,4.0,0.0,0.0,0.0,0.0,0.0,0.0,0.0,0.0,0.0,0.0,0.0,0.0,0.0,0.0,0.0,0.0,0.0,0.0,7.0,0.0,0.0,0.0,0.0,0.0,0.0,108.0,0.0,0.0,0.0,0.0,0.0,7.0,0.0,0.0,0.0,0.0,0.0,0.0,12590.0,2023-10-25
46.0,23.0,5.0,0.0,0.0,0.0,0.0,0.0,4.0,4.0,5.0,1.0,0.0,3.0,0.0,0.0,1.0,4.0,2.0,0.0,0.0,0.0,0.0,0.0,2.0,0.0,0.0,0.0,1.0,0.0,0.0,0.0,0.0,0.0,0.0,0.0,0.0,0.0,0.0,0.0,0.0,0.0,0.0,102.0,0.0,0.0,0.0,0.0,6.0,18.0,0.0,0.0,0.0,1.0,0.0,0.0,12040.0,2023-10-26
45.0,13.0,2.0,0.0,0.0,4.0,0.0,0.0,2.0,4.0,2.0,3.0,4.0,3.0,0.0,0.0,6.0,3.0,0.0,0.0,0.0,0.0,0.0,0.0,9.0,0.0,0.0,0.0,1.0,0.0,0.0,0.0,0.0,0.0,0.0,0.0,5.0,0.0,0.0,0.0,0.0,0.0,0.0,72.0,0.0,0.0,0.0,0.0,0.0,7.0,0.0,0.0,0.0,0.0,0.0,0.0,12310.0,2023-10-27
41.0,22.0,1.0,0.0,0.0,24.0,2.0,0.0,3.0,3.0,4.0,1.0,4.0,2.0,1.0,1.0,1.0,5.0,0.0,0.0,0.0,0.0,0.0,0.0,5.0,0.0,1.0,0.0,0.0,0.0,0.0,0.0,0.0,0.0,0.0,0.0,3.0,0.0,0.0,0.0,0.0,0.0,0.0,90.0,0.0,1.0,0.0,0.0,0.0,9.0,0.0,2.0,0.0,2.0,1.0,0.0,12640.0,2023-10-28
67.0,45.0,4.0,0.0,0.0,0.0,0.0,0.0,4.0,4.0,11.0,1.0,1.0,7.0,2.0,0.0,3.0,12.0,1.0,2.0,0.0,0.0,0.0,0.0,0.0,0.0,0.0,0.0,0.0,0.0,0.0,0.0,0.0,0.0,0.0,0.0,5.0,0.0,0.0,0.0,0.0,0.0,0.0,126.0,5.0,4.0,0.0,0.0,1.0,2.0,0.0,0.0,0.0,3.0,3.0,0.0,19410.0,2023-10-29
72.0,14.0,3.0,0.0,0.0,0.0,0.0,0.0,10.0,2.0,6.0,1.0,0.0,2.0,0.0,1.0,0.0,4.0,1.0,0.0,0.0,0.0,0.0,0.0,6.0,0.0,0.0,0.0,0.0,0.0,0.0,0.0,0.0,0.0,0.0,0.0,5.0,0.0,0.0,0.0,0.0,0.0,0.0,144.0,0.0,0.0,0.0,0.0,0.0,5.0,0.0,0.0,0.0,6.0,0.0,0.0,13470.0,2023-10-30
75.0,39.0,3.0,0.0,0.0,0.0,0.0,0.0,11.0,3.0,11.0,2.0,1.0,2.0,1.0,2.0,0.0,10.0,0.0,0.0,0.0,0.0,0.0,0.0,7.0,0.0,3.0,0.0,0.0,0.0,0.0,0.0,0.0,0.0,0.0,0.0,4.0,0.0,0.0,0.0,0.0,0.0,0.0,132.0,1.0,1.0,0.0,0.0,0.0,15.0,0.0,0.0,0.0,10.0,0.0,0.0,18440.0,2023-10-31
65.0,27.0,0.0,0.0,0.0,0.0,0.0,0.0,7.0,4.0,5.0,2.0,1.0,3.0,0.0,0.0,0.0,10.0,0.0,0.0,0.0,0.0,0.0,0.0,0.0,0.0,0.0,0.0,0.0,0.0,0.0,0.0,0.0,0.0,0.0,0.0,1.0,0.0,0.0,0.0,0.0,0.0,0.0,72.0,0.0,0.0,0.0,0.0,0.0,30.0,0.0,0.0,0.0,1.0,5.0,0.0,13400.0,2023-11-01
41.0,36.0,0.0,0.0,0.0,10.0,0.0,0.0,4.0,4.0,5.0,2.0,3.0,0.0,0.0,0.0,3.0,2.0,0.0,0.0,0.0,0.0,0.0,0.0,0.0,0.0,0.0,0.0,0.0,0.0,0.0,0.0,0.0,0.0,0.0,0.0,2.0,0.0,0.0,0.0,0.0,0.0,0.0,108.0,1.0,2.0,0.0,0.0,0.0,4.0,0.0,0.0,0.0,0.0,3.0,0.0,10500.0,2023-11-02
43.0,64.0,5.0,0.0,0.0,15.0,0.0,0.0,5.0,4.0,3.0,1.0,0.0,2.0,2.0,0.0,0.0,2.0,2.0,2.0,0.0,0.0,0.0,0.0,4.0,0.0,0.0,0.0,0.0,0.0,0.0,0.0,0.0,0.0,0.0,0.0,2.0,0.0,0.0,0.0,0.0,0.0,0.0,132.0,1.0,2.0,0.0,0.0,2.0,5.0,0.0,0.0,0.0,1.0,3.0,0.0,13590.0,2023-11-03
39.0,23.0,0.0,0.0,0.0,25.0,0.0,0.0,2.0,3.0,3.0,3.0,0.0,1.0,3.0,0.0,0.0,2.0,2.0,0.0,0.0,0.0,2.0,0.0,6.0,0.0,0.0,0.0,0.0,0.0,0.0,0.0,0.0,0.0,0.0,0.0,5.0,0.0,0.0,0.0,0.0,0.0,0.0,91.0,1.0,1.0,0.0,0.0,0.0,4.0,0.0,0.0,0.0,0.0,1.0,0.0,11310.0,2023-11-04
47.0,45.0,0.0,0.0,0.0,4.0,0.0,0.0,4.0,5.0,3.0,1.0,0.0,5.0,1.0,0.0,0.0,4.0,0.0,0.0,0.0,0.0,0.0,0.0,7.0,0.0,3.0,0.0,1.0,0.0,0.0,0.0,0.0,0.0,0.0,0.0,8.0,0.0,0.0,0.0,0.0,0.0,0.0,132.0,0.0,0.0,0.0,0.0,0.0,0.0,0.0,0.0,0.0,0.0,0.0,0.0,13330.0,2023-11-05
34.0,29.0,7.0,0.0,0.0,2.0,0.0,0.0,3.0,3.0,6.0,2.0,0.0,3.0,0.0,1.0,0.0,4.0,0.0,0.0,0.0,0.0,0.0,0.0,0.0,0.0,0.0,0.0,0.0,0.0,0.0,0.0,0.0,0.0,0.0,0.0,6.0,0.0,0.0,0.0,0.0,0.0,0.0,108.0,1.0,5.0,0.0,0.0,0.0,1.0,0.0,0.0,1.0,4.0,0.0,0.0,10630.0,2023-11-06
41.0,50.0,7.0,0.0,0.0,11.0,0.0,0.0,4.0,3.0,10.0,3.0,1.0,5.0,2.0,0.0,0.0,3.0,2.0,0.0,0.0,0.0,0.0,0.0,0.0,0.0,0.0,0.0,0.0,0.0,0.0,0.0,0.0,0.0,0.0,0.0,5.0,0.0,0.0,0.0,0.0,0.0,0.0,114.0,4.0,3.0,0.0,0.0,1.0,4.0,0.0,0.0,0.0,0.0,0.0,0.0,13780.0,2023-11-07
55.0,78.0,0.0,0.0,0.0,8.0,0.0,0.0,4.0,3.0,5.0,2.0,2.0,11.0,4.0,0.0,0.0,0.0,0.0,0.0,0.0,0.0,0.0,0.0,0.0,0.0,0.0,0.0,0.0,0.0,0.0,0.0,0.0,0.0,0.0,0.0,18.0,0.0,0.0,0.0,0.0,0.0,0.0,132.0,0.0,0.0,0.0,0.0,0.0,0.0,0.0,0.0,0.0,0.0,0.0,0.0,14980.0,2023-11-08
55.0,31.0,0.0,0.0,0.0,16.0,0.0,0.0,7.0,4.0,2.0,2.0,2.0,10.0,0.0,1.0,0.0,0.0,0.0,0.0,0.0,0.0,0.0,0.0,3.0,0.0,0.0,0.0,0.0,0.0,0.0,0.0,0.0,0.0,0.0,0.0,4.0,0.0,0.0,0.0,0.0,0.0,0.0,78.0,0.0,0.0,0.0,0.0,0.0,1.0,0.0,0.0,0.0,1.0,2.0,0.0,11320.0,2023-11-09
20.0,28.0,3.0,12.0,0.0,10.0,3.0,0.0,5.0,2.0,2.0,1.0,0.0,14.0,0.0,1.0,0.0,4.0,0.0,0.0,0.0,0.0,0.0,0.0,5.0,0.0,0.0,0.0,0.0,0.0,0.0,0.0,0.0,0.0,0.0,0.0,0.0,0.0,0.0,0.0,0.0,0.0,0.0,60.0,1.0,0.0,0.0,0.0,0.0,8.0,0.0,0.0,0.0,1.0,0.0,0.0,11610.0,2023-11-10
35.0,21.0,3.0,0.0,0.0,4.0,0.0,0.0,2.0,3.0,6.0,2.0,1.0,2.0,0.0,0.0,0.0,0.0,0.0,0.0,3.0,0.0,0.0,0.0,0.0,0.0,0.0,0.0,0.0,0.0,0.0,0.0,0.0,0.0,0.0,0.0,3.0,0.0,0.0,0.0,0.0,0.0,0.0,78.0,0.0,0.0,0.0,0.0,1.0,2.0,0.0,0.0,0.0,0.0,0.0,1.0,7670.0,2023-11-11
41.0,31.0,3.0,0.0,0.0,12.0,0.0,0.0,3.0,4.0,4.0,2.0,1.0,3.0,0.0,0.0,0.0,2.0,0.0,0.0,0.0,0.0,0.0,0.0,0.0,0.0,0.0,0.0,0.0,0.0,0.0,0.0,0.0,0.0,0.0,0.0,1.0,0.0,0.0,0.0,0.0,0.0,0.0,78.0,0.0,2.0,0.0,0.0,0.0,0.0,0.0,0.0,0.0,0.0,0.0,0.0,8410.0,2023-11-12
51.0,24.0,7.0,0.0,0.0,14.0,0.0,0.0,4.0,4.0,4.0,2.0,0.0,2.0,0.0,0.0,0.0,2.0,0.0,0.0,3.0,0.0,0.0,0.0,3.0,0.0,0.0,0.0,1.0,0.0,0.0,0.0,0.0,0.0,0.0,0.0,0.0,0.0,0.0,0.0,0.0,0.0,0.0,90.0,0.0,0.0,0.0,0.0,2.0,37.0,0.0,3.0,0.0,4.0,0.0,1.0,12270.0,2023-11-13
34.0,28.0,9.0,0.0,0.0,2.0,0.0,0.0,3.0,2.0,2.0,1.0,0.0,3.0,1.0,0.0,0.0,3.0,0.0,0.0,2.0,0.0,0.0,0.0,7.0,0.0,0.0,0.0,0.0,0.0,0.0,0.0,0.0,0.0,0.0,0.0,3.0,0.0,0.0,0.0,0.0,0.0,0.0,96.0,0.0,0.0,0.0,0.0,1.0,6.0,0.0,0.0,0.0,1.0,0.0,0.0,9970.0,2023-11-14
39.0,23.0,3.0,0.0,7.0,12.0,0.0,0.0,1.0,7.0,3.0,1.0,0.0,2.0,0.0,0.0,2.0,0.0,0.0,0.0,1.0,0.0,0.0,0.0,7.0,0.0,0.0,0.0,0.0,0.0,0.0,0.0,0.0,0.0,0.0,0.0,0.0,0.0,0.0,0.0,0.0,0.0,0.0,90.0,1.0,1.0,0.0,0.0,3.0,2.0,0.0,3.0,0.0,2.0,0.0,1.0,9890.0,2023-11-15
31.0,12.0,2.0,0.0,3.0,10.0,0.0,0.0,3.0,3.0,5.0,0.0,0.0,1.0,0.0,0.0,0.0,4.0,0.0,0.0,0.0,0.0,0.0,0.0,5.0,0.0,0.0,0.0,0.0,0.0,0.0,0.0,0.0,0.0,0.0,0.0,3.0,0.0,0.0,0.0,0.0,0.0,0.0,102.0,1.0,4.0,0.0,0.0,0.0,0.0,0.0,0.0,0.0,0.0,0.0,0.0,9120.0,2023-11-16
75.0,24.0,7.0,0.0,6.0,10.0,0.0,0.0,15.0,7.0,22.0,0.0,2.0,5.0,0.0,0.0,1.0,1.0,1.0,2.0,0.0,0.0,0.0,0.0,4.0,0.0,0.0,0.0,4.0,0.0,0.0,0.0,0.0,0.0,0.0,0.0,2.0,0.0,0.0,0.0,0.0,0.0,0.0,104.0,0.0,5.0,0.0,0.0,0.0,14.0,0.0,3.0,1.0,5.0,0.0,0.0,19020.0,2023-11-17
41.0,23.0,8.0,0.0,4.0,13.0,2.0,0.0,2.0,1.0,6.0,1.0,1.0,0.0,0.0,0.0,0.0,0.0,1.0,0.0,0.0,0.0,0.0,0.0,3.0,0.0,0.0,0.0,0.0,0.0,0.0,0.0,0.0,0.0,0.0,0.0,4.0,0.0,0.0,0.0,0.0,0.0,0.0,84.0,2.0,3.0,0.0,0.0,0.0,2.0,0.0,0.0,1.0,1.0,0.0,0.0,8360.0,2023-11-18
42.0,34.0,7.0,0.0,3.0,0.0,0.0,0.0,9.0,5.0,14.0,1.0,0.0,3.0,0.0,1.0,0.0,4.0,0.0,0.0,0.0,0.0,0.0,0.0,0.0,0.0,0.0,0.0,0.0,0.0,0.0,0.0,0.0,0.0,0.0,0.0,2.0,0.0,0.0,0.0,0.0,0.0,0.0,118.0,5.0,3.0,0.0,0.0,0.0,5.0,0.0,0.0,0.0,6.0,0.0,0.0,13020.0,2023-11-19
38.0,12.0,7.0,0.0,2.0,10.0,0.0,0.0,1.0,1.0,5.0,1.0,1.0,3.0,1.0,0.0,0.0,3.0,0.0,4.0,0.0,0.0,0.0,0.0,4.0,0.0,0.0,0.0,0.0,0.0,0.0,0.0,0.0,0.0,0.0,0.0,1.0,0.0,0.0,0.0,0.0,0.0,0.0,72.0,5.0,7.0,0.0,0.0,0.0,0.0,0.0,0.0,0.0,0.0,0.0,0.0,10200.0,2023-11-20
40.0,18.0,6.0,0.0,3.0,2.0,0.0,0.0,0.0,0.0,3.0,2.0,1.0,4.0,3.0,0.0,0.0,0.0,0.0,0.0,0.0,0.0,0.0,0.0,13.0,0.0,0.0,0.0,0.0,0.0,0.0,0.0,0.0,0.0,0.0,0.0,2.0,0.0,0.0,0.0,0.0,0.0,0.0,74.0,5.0,2.0,0.0,0.0,0.0,6.0,0.0,0.0,0.0,2.0,0.0,0.0,9620.0,2023-11-21
30.0,32.0,1.0,0.0,4.0,10.0,0.0,0.0,6.0,2.0,3.0,4.0,0.0,2.0,1.0,0.0,0.0,1.0,0.0,0.0,0.0,3.0,1.0,0.0,3.0,0.0,0.0,0.0,1.0,0.0,0.0,0.0,0.0,0.0,0.0,0.0,6.0,0.0,0.0,0.0,0.0,0.0,0.0,90.0,3.0,1.0,0.0,0.0,0.0,0.0,0.0,0.0,0.0,1.0,0.0,0.0,10050.0,2023-11-22
55.0,13.0,0.0,0.0,0.0,14.0,0.0,0.0,5.0,3.0,4.0,1.0,1.0,3.0,0.0,0.0,3.0,2.0,0.0,0.0,9.0,0.0,0.0,0.0,0.0,0.0,0.0,0.0,3.0,0.0,0.0,0.0,0.0,0.0,0.0,0.0,4.0,0.0,0.0,8.0,0.0,0.0,0.0,62.0,1.0,0.0,0.0,0.0,0.0,4.0,0.0,0.0,0.0,3.0,0.0,0.0,12110.0,2023-11-23
70.0,25.0,0.0,0.0,0.0,16.0,0.0,0.0,5.0,4.0,11.0,4.0,3.0,4.0,0.0,0.0,0.0,4.0,1.0,0.0,5.0,0.0,2.0,0.0,0.0,0.0,0.0,0.0,0.0,0.0,0.0,0.0,0.0,0.0,0.0,0.0,9.0,0.0,0.0,0.0,0.0,0.0,0.0,112.0,0.0,0.0,0.0,0.0,1.0,23.0,0.0,0.0,0.0,9.0,0.0,1.0,16900.0,2023-11-24
32.0,27.0,0.0,0.0,11.0,13.0,2.0,0.0,2.0,3.0,7.0,2.0,0.0,3.0,0.0,0.0,0.0,4.0,0.0,0.0,0.0,0.0,0.0,0.0,0.0,0.0,0.0,0.0,0.0,0.0,0.0,0.0,0.0,0.0,0.0,0.0,7.0,0.0,0.0,0.0,0.0,0.0,0.0,84.0,1.0,0.0,0.0,0.0,1.0,0.0,0.0,0.0,0.0,2.0,3.0,0.0,10110.0,2023-11-25
68.0,26.0,7.0,0.0,6.0,19.0,0.0,0.0,9.0,4.0,2.0,0.0,1.0,3.0,0.0,0.0,0.0,6.0,0.0,0.0,0.0,0.0,0.0,0.0,3.0,0.0,2.0,0.0,0.0,0.0,0.0,0.0,0.0,0.0,0.0,0.0,3.0,0.0,0.0,1.0,0.0,0.0,0.0,78.0,8.0,0.0,0.0,0.0,1.0,0.0,0.0,0.0,0.0,0.0,0.0,1.0,12110.0,2023-11-26
29.0,24.0,5.0,0.0,5.0,6.0,0.0,0.0,4.0,4.0,3.0,0.0,1.0,2.0,0.0,0.0,0.0,2.0,0.0,0.0,0.0,0.0,0.0,0.0,7.0,0.0,0.0,0.0,0.0,0.0,0.0,0.0,0.0,0.0,0.0,0.0,2.0,0.0,0.0,0.0,0.0,0.0,0.0,102.0,2.0,3.0,0.0,0.0,0.0,2.0,0.0,0.0,0.0,1.0,1.0,0.0,9380.0,2023-11-27
43.0,23.0,9.0,0.0,2.0,12.0,3.0,0.0,2.0,2.0,7.0,2.0,0.0,13.0,1.0,0.0,0.0,1.0,1.0,0.0,0.0,0.0,0.0,0.0,7.0,0.0,0.0,0.0,0.0,0.0,0.0,0.0,0.0,0.0,0.0,0.0,2.0,0.0,0.0,0.0,0.0,0.0,0.0,87.0,1.0,2.0,0.0,0.0,0.0,4.0,0.0,0.0,0.0,1.0,0.0,0.0,12990.0,2023-11-28
37.0,31.0,7.0,0.0,0.0,20.0,0.0,0.0,3.0,3.0,3.0,2.0,0.0,11.0,2.0,0.0,0.0,0.0,0.0,0.0,6.0,0.0,1.0,0.0,0.0,0.0,0.0,0.0,15.0,0.0,0.0,0.0,0.0,0.0,0.0,0.0,1.0,0.0,0.0,0.0,0.0,0.0,0.0,112.0,4.0,15.0,0.0,0.0,0.0,0.0,0.0,0.0,0.0,0.0,2.0,0.0,17690.0,2023-11-29
35.0,24.0,0.0,0.0,5.0,19.0,0.0,0.0,3.0,5.0,4.0,2.0,0.0,0.0,0.0,0.0,0.0,0.0,0.0,0.0,1.0,1.0,2.0,0.0,0.0,0.0,0.0,0.0,0.0,0.0,0.0,0.0,0.0,0.0,0.0,0.0,2.0,0.0,0.0,0.0,0.0,0.0,0.0,88.0,8.0,0.0,0.0,0.0,1.0,4.0,0.0,0.0,0.0,0.0,0.0,0.0,8390.0,2023-11-30
60.0,10.0,7.0,0.0,7.0,8.0,0.0,0.0,8.0,1.0,3.0,2.0,3.0,5.0,5.0,2.0,0.0,0.0,0.0,0.0,0.0,0.0,0.0,0.0,0.0,0.0,0.0,0.0,0.0,0.0,0.0,0.0,0.0,0.0,0.0,0.0,0.0,0.0,0.0,0.0,0.0,0.0,0.0,72.0,0.0,0.0,0.0,0.0,0.0,3.0,0.0,0.0,0.0,0.0,0.0,0.0,10400.0,2023-12-01
55.0,16.0,7.0,0.0,5.0,2.0,0.0,0.0,5.0,3.0,2.0,2.0,2.0,1.0,1.0,0.0,0.0,2.0,0.0,0.0,0.0,0.0,0.0,0.0,2.0,0.0,0.0,0.0,0.0,0.0,0.0,0.0,0.0,0.0,0.0,0.0,1.0,0.0,0.0,0.0,0.0,0.0,0.0,62.0,1.0,3.0,0.0,0.0,0.0,0.0,0.0,0.0,0.0,4.0,0.0,0.0,8130.0,2023-12-02
35.0,45.0,12.0,0.0,6.0,8.0,0.0,0.0,0.0,10.0,5.0,2.0,1.0,3.0,1.0,2.0,2.0,5.0,0.0,0.0,3.0,1.0,4.0,0.0,4.0,0.0,2.0,0.0,0.0,0.0,0.0,0.0,0.0,0.0,0.0,0.0,3.0,0.0,0.0,0.0,0.0,0.0,0.0,114.0,7.0,0.0,0.0,0.0,3.0,10.0,0.0,0.0,5.0,0.0,2.0,2.0,17000.0,2023-12-03
33.0,16.0,9.0,0.0,7.0,6.0,0.0,0.0,3.0,8.0,0.0,0.0,1.0,4.0,0.0,1.0,2.0,2.0,0.0,0.0,5.0,1.0,0.0,0.0,1.0,0.0,0.0,0.0,0.0,0.0,0.0,0.0,0.0,0.0,0.0,0.0,13.0,0.0,0.0,0.0,0.0,0.0,0.0,108.0,1.0,0.0,0.0,0.0,2.0,9.0,0.0,0.0,2.0,0.0,0.0,0.0,12620.0,2023-12-04
60.0,40.0,6.0,0.0,13.0,20.0,0.0,0.0,5.0,4.0,3.0,1.0,2.0,2.0,0.0,1.0,1.0,4.0,0.0,0.0,6.0,0.0,0.0,0.0,9.0,0.0,0.0,0.0,0.0,0.0,0.0,0.0,0.0,0.0,0.0,0.0,8.0,0.0,0.0,0.0,0.0,0.0,0.0,126.0,3.0,0.0,0.0,0.0,3.0,10.0,0.0,0.0,0.0,1.0,0.0,0.0,16210.0,2023-12-05
40.0,30.0,7.0,0.0,5.0,22.0,0.0,0.0,3.0,3.0,3.0,2.0,0.0,2.0,1.0,0.0,0.0,2.0,0.0,0.0,2.0,2.0,0.0,0.0,3.0,0.0,0.0,0.0,1.0,0.0,0.0,0.0,0.0,0.0,0.0,0.0,7.0,0.0,0.0,0.0,0.0,0.0,0.0,102.0,2.0,0.0,0.0,0.0,0.0,2.0,0.0,0.0,2.0,0.0,0.0,0.0,11510.0,2023-12-06
32.0,7.0,3.0,0.0,3.0,2.0,0.0,0.0,4.0,3.0,2.0,3.0,1.0,1.0,0.0,0.0,0.0,0.0,0.0,0.0,1.0,2.0,0.0,0.0,7.0,0.0,0.0,0.0,4.0,0.0,0.0,0.0,0.0,0.0,0.0,0.0,3.0,0.0,0.0,0.0,0.0,0.0,0.0,88.0,2.0,0.0,0.0,0.0,0.0,8.0,0.0,0.0,1.0,7.0,0.0,0.0,10000.0,2023-12-07
27.0,46.0,7.0,0.0,6.0,4.0,0.0,0.0,4.0,3.0,3.0,2.0,0.0,2.0,1.0,0.0,0.0,1.0,0.0,0.0,4.0,0.0,0.0,0.0,4.0,0.0,0.0,0.0,1.0,0.0,0.0,0.0,0.0,0.0,0.0,0.0,11.0,0.0,0.0,0.0,0.0,0.0,0.0,62.0,2.0,0.0,0.0,0.0,0.0,16.0,0.0,0.0,0.0,0.0,0.0,0.0,10220.0,2023-12-08
47.0,21.0,6.0,0.0,11.0,14.0,0.0,0.0,8.0,2.0,5.0,2.0,4.0,3.0,0.0,0.0,0.0,3.0,0.0,0.0,1.0,2.0,0.0,0.0,5.0,0.0,0.0,0.0,1.0,0.0,0.0,0.0,0.0,0.0,0.0,0.0,2.0,0.0,0.0,0.0,0.0,0.0,0.0,84.0,2.0,2.0,0.0,0.0,0.0,6.0,0.0,0.0,0.0,3.0,2.0,0.0,12620.0,2023-12-09
61.0,51.0,7.0,0.0,7.0,14.0,0.0,0.0,6.0,4.0,7.0,2.0,7.0,0.0,0.0,0.0,1.0,0.0,3.0,0.0,6.0,0.0,0.0,0.0,0.0,0.0,0.0,0.0,0.0,0.0,0.0,0.0,0.0,0.0,0.0,0.0,6.0,0.0,0.0,0.0,0.0,0.0,0.0,122.0,11.0,0.0,0.0,0.0,0.0,21.0,0.0,0.0,0.0,0.0,0.0,0.0,15650.0,2023-12-10
49.0,32.0,7.0,0.0,12.0,10.0,0.0,0.0,8.0,2.0,7.0,2.0,2.0,7.0,2.0,0.0,1.0,3.0,0.0,0.0,0.0,0.0,0.0,0.0,0.0,0.0,0.0,0.0,0.0,0.0,0.0,0.0,0.0,0.0,0.0,0.0,6.0,0.0,0.0,0.0,0.0,0.0,0.0,102.0,1.0,0.0,0.0,0.0,0.0,1.0,0.0,0.0,0.0,0.0,1.0,0.0,13170.0,2023-12-11
54.0,13.0,7.0,0.0,7.0,10.0,0.0,0.0,6.0,3.0,8.0,3.0,1.0,2.0,0.0,1.0,6.0,0.0,0.0,0.0,0.0,0.0,0.0,0.0,9.0,0.0,0.0,0.0,0.0,0.0,0.0,0.0,0.0,0.0,0.0,0.0,9.0,0.0,0.0,0.0,0.0,0.0,0.0,114.0,4.0,1.0,0.0,0.0,0.0,11.0,0.0,0.0,0.0,1.0,2.0,0.0,14550.0,2023-12-12
42.0,20.0,5.0,0.0,10.0,7.0,0.0,0.0,0.0,4.0,6.0,2.0,4.0,21.0,0.0,0.0,0.0,0.0,0.0,0.0,0.0,0.0,0.0,0.0,0.0,0.0,0.0,0.0,0.0,0.0,0.0,0.0,0.0,0.0,0.0,0.0,1.0,0.0,0.0,0.0,0.0,0.0,0.0,84.0,1.0,0.0,0.0,0.0,0.0,11.0,0.0,0.0,0.0,2.0,1.0,0.0,13590.0,2023-12-13
25.0,29.0,2.0,0.0,10.0,6.0,0.0,0.0,0.0,2.0,7.0,1.0,2.0,6.0,1.0,0.0,0.0,0.0,0.0,0.0,0.0,0.0,0.0,0.0,0.0,0.0,0.0,0.0,0.0,0.0,0.0,0.0,0.0,0.0,0.0,0.0,4.0,0.0,0.0,0.0,0.0,0.0,0.0,72.0,1.0,2.0,0.0,0.0,0.0,0.0,0.0,0.0,0.0,0.0,2.0,0.0,8340.0,2023-12-14
27.0,21.0,0.0,0.0,7.0,3.0,0.0,0.0,5.0,7.0,3.0,1.0,0.0,3.0,0.0,2.0,0.0,0.0,0.0,0.0,4.0,0.0,0.0,0.0,5.0,0.0,0.0,0.0,0.0,0.0,0.0,0.0,0.0,0.0,0.0,0.0,5.0,0.0,0.0,0.0,0.0,0.0,0.0,62.0,1.0,5.0,0.0,0.0,0.0,4.0,0.0,1.0,0.0,0.0,1.0,0.0,9370.0,2023-12-15
22.0,12.0,8.0,0.0,10.0,10.0,0.0,0.0,3.0,4.0,4.0,2.0,1.0,1.0,0.0,0.0,4.0,0.0,0.0,0.0,3.0,1.0,0.0,0.0,4.0,0.0,0.0,0.0,0.0,0.0,0.0,0.0,0.0,0.0,0.0,0.0,3.0,0.0,0.0,0.0,0.0,0.0,0.0,78.0,1.0,1.0,0.0,0.0,0.0,1.0,0.0,1.0,0.0,2.0,1.0,0.0,9520.0,2023-12-16
32.0,11.0,3.0,0.0,5.0,10.0,0.0,0.0,2.0,3.0,4.0,2.0,0.0,1.0,1.0,1.0,0.0,0.0,0.0,0.0,0.0,0.0,0.0,0.0,9.0,0.0,0.0,0.0,0.0,0.0,0.0,0.0,0.0,0.0,0.0,0.0,3.0,0.0,0.0,0.0,0.0,0.0,0.0,102.0,3.0,1.0,0.0,0.0,0.0,3.0,0.0,0.0,0.0,1.0,0.0,0.0,9190.0,2023-12-17
50.0,33.0,4.0,0.0,11.0,18.0,0.0,0.0,2.0,4.0,9.0,0.0,4.0,2.0,2.0,3.0,0.0,0.0,0.0,0.0,0.0,0.0,0.0,0.0,4.0,0.0,0.0,0.0,0.0,0.0,0.0,0.0,0.0,0.0,0.0,0.0,4.0,0.0,0.0,0.0,0.0,0.0,0.0,102.0,0.0,3.0,0.0,0.0,1.0,6.0,0.0,0.0,0.0,0.0,0.0,1.0,12700.0,2023-12-18
51.0,37.0,14.0,0.0,1.0,11.0,0.0,0.0,8.0,34.0,12.0,2.0,1.0,3.0,0.0,0.0,0.0,3.0,0.0,0.0,0.0,0.0,0.0,0.0,0.0,0.0,0.0,0.0,0.0,0.0,0.0,0.0,0.0,0.0,0.0,0.0,3.0,0.0,0.0,0.0,0.0,0.0,0.0,132.0,1.0,1.0,0.0,0.0,5.0,22.0,0.0,0.0,0.0,2.0,0.0,1.0,19020.0,2023-12-19
52.0,30.0,4.0,0.0,11.0,22.0,0.0,0.0,7.0,2.0,3.0,1.0,0.0,5.0,3.0,0.0,0.0,3.0,0.0,0.0,0.0,0.0,0.0,0.0,6.0,0.0,0.0,0.0,0.0,0.0,0.0,0.0,0.0,0.0,0.0,0.0,6.0,0.0,0.0,0.0,0.0,0.0,0.0,62.0,4.0,1.0,0.0,0.0,4.0,0.0,0.0,1.0,0.0,1.0,2.0,0.0,12020.0,2023-12-20
53.0,10.0,11.0,0.0,7.0,0.0,0.0,0.0,9.0,6.0,12.0,1.0,0.0,6.0,0.0,2.0,3.0,3.0,0.0,0.0,0.0,0.0,0.0,0.0,0.0,0.0,0.0,0.0,0.0,0.0,0.0,0.0,0.0,0.0,0.0,0.0,2.0,0.0,0.0,0.0,0.0,0.0,0.0,84.0,3.0,0.0,0.0,0.0,0.0,6.0,0.0,0.0,3.0,0.0,1.0,0.0,13480.0,2023-12-21
51.0,26.0,7.0,0.0,5.0,11.0,0.0,0.0,7.0,7.0,6.0,0.0,1.0,1.0,0.0,1.0,0.0,0.0,0.0,0.0,0.0,0.0,0.0,0.0,4.0,0.0,0.0,0.0,4.0,0.0,0.0,0.0,0.0,0.0,0.0,0.0,3.0,0.0,0.0,0.0,0.0,0.0,0.0,90.0,0.0,1.0,0.0,0.0,0.0,4.0,0.0,0.0,0.0,0.0,0.0,1.0,11240.0,2023-12-22
40.0,31.0,7.0,0.0,9.0,6.0,0.0,0.0,2.0,5.0,7.0,3.0,2.0,2.0,3.0,0.0,0.0,3.0,0.0,0.0,0.0,0.0,0.0,0.0,5.0,0.0,0.0,0.0,1.0,0.0,0.0,0.0,0.0,0.0,0.0,0.0,3.0,0.0,0.0,0.0,0.0,0.0,0.0,84.0,2.0,3.0,0.0,0.0,0.0,1.0,0.0,1.0,0.0,0.0,1.0,0.0,11930.0,2023-12-23
53.0,55.0,13.0,0.0,17.0,15.0,0.0,0.0,9.0,5.0,6.0,5.0,2.0,8.0,1.0,0.0,0.0,8.0,0.0,0.0,5.0,2.0,0.0,0.0,8.0,0.0,0.0,0.0,4.0,0.0,0.0,0.0,0.0,0.0,0.0,0.0,7.0,0.0,0.0,0.0,0.0,0.0,0.0,102.0,5.0,0.0,0.0,0.0,0.0,30.0,0.0,2.0,0.0,0.0,3.0,2.0,22420.0,2023-12-24
41.0,27.0,7.0,0.0,13.0,2.0,0.0,0.0,0.0,4.0,7.0,1.0,1.0,2.0,2.0,1.0,0.0,2.0,0.0,0.0,4.0,0.0,4.0,0.0,1.0,0.0,0.0,0.0,0.0,0.0,0.0,0.0,0.0,0.0,0.0,0.0,3.0,0.0,0.0,0.0,0.0,0.0,0.0,84.0,3.0,1.0,0.0,0.0,0.0,5.0,0.0,0.0,0.0,0.0,2.0,0.0,11190.0,2023-12-25
63.0,33.0,6.0,0.0,16.0,20.0,0.0,0.0,6.0,4.0,12.0,2.0,0.0,5.0,0.0,0.0,0.0,5.0,0.0,0.0,0.0,1.0,1.0,1.0,3.0,0.0,0.0,0.0,0.0,0.0,0.0,0.0,5.0,0.0,0.0,0.0,5.0,0.0,2.0,0.0,0.0,0.0,2.0,156.0,3.0,0.0,1.0,0.0,0.0,18.0,0.0,4.0,0.0,2.0,0.0,1.0,19150.0,2023-12-26
39.0,28.0,7.0,0.0,1.0,7.0,0.0,0.0,3.0,5.0,7.0,2.0,1.0,3.0,1.0,0.0,0.0,1.0,0.0,0.0,0.0,0.0,0.0,0.0,0.0,0.0,0.0,0.0,0.0,0.0,0.0,0.0,0.0,0.0,0.0,0.0,1.0,0.0,0.0,1.0,0.0,0.0,0.0,138.0,2.0,6.0,0.0,0.0,0.0,3.0,0.0,6.0,1.0,3.0,1.0,2.0,11750.0,2023-12-27
38.0,25.0,8.0,0.0,5.0,11.0,0.0,0.0,4.0,5.0,5.0,1.0,1.0,5.0,2.0,0.0,0.0,0.0,1.0,3.0,0.0,0.0,0.0,0.0,0.0,0.0,0.0,0.0,3.0,0.0,0.0,0.0,0.0,0.0,0.0,0.0,0.0,0.0,0.0,0.0,0.0,0.0,0.0,84.0,2.0,3.0,0.0,0.0,0.0,6.0,0.0,5.0,2.0,0.0,0.0,0.0,12310.0,2023-12-28
42.0,30.0,0.0,0.0,7.0,17.0,0.0,0.0,2.0,5.0,5.0,1.0,1.0,8.0,0.0,2.0,0.0,0.0,0.0,0.0,3.0,0.0,1.0,0.0,0.0,0.0,0.0,0.0,2.0,0.0,0.0,0.0,0.0,0.0,0.0,0.0,1.0,0.0,0.0,0.0,0.0,0.0,0.0,90.0,1.0,3.0,0.0,0.0,0.0,9.0,0.0,0.0,0.0,13.0,3.0,0.0,12820.0,2023-12-29
45.0,19.0,1.0,0.0,6.0,2.0,0.0,0.0,9.0,4.0,8.0,3.0,3.0,1.0,1.0,0.0,2.0,3.0,0.0,0.0,1.0,0.0,2.0,0.0,1.0,0.0,0.0,0.0,1.0,1.0,0.0,0.0,5.0,0.0,0.0,0.0,4.0,0.0,0.0,2.0,0.0,0.0,0.0,120.0,1.0,0.0,0.0,0.0,3.0,9.0,0.0,1.0,0.0,4.0,0.0,0.0,15000.0,2023-12-30
